"degree","coef"
0,-0.753337403064869
1,-3.30497318084692
2,-0.839198807257678
3,1.4247895088488
4,1.42083295412982
5,0.735202937322924
