"Fixed","RMSE","MAE","NRMSE(IQR)","RRSE","RAE","RMSLE"
"bandratio",1.97554013794033,1.4039772791454,1.36254853596789,1.32811372277669,1.34887972407607,0.61804695124602
