"degree","coef"
0,-0.0980403334392284
1,-3.71249637547006
2,-0.934192826513408
3,1.18525339912996
4,1.20710081705547
